,shortest_processing_first,earliest_deadline_first,smallest_slack
1000,3509862,1744687,2240333
2000,1889114,2420468,1683681
3000,1937955,2305755,1802740
4000,3205063,2392111,1760313
5000,2559615,1969606,2459131
6000,2992508,1713018,3204350
7000,3610332,1679607,2400850
8000,4089281,1770120,1899435
9000,3474419,1749248,1919885
10000,3760980,1759225,2901153
11000,4262199,1769444,2101358
12000,3308709,1857830,1718768
13000,3324150,2038746,1656013
14000,1580493,2055157,2045835
15000,1799988,2573044,2011238
16000,3209678,2233633,1670173
17000,2633894,2276467,1678929
18000,2809903,1935802,1650851
19000,2697424,1762712,1947928
20000,2578340,1728999,4055694
21000,2453567,1731157,3847404
22000,2109146,1733725,4188641
23000,2315338,1646941,1928448
24000,2114352,1642210,1934125
25000,1381932,1650456,1689465
26000,1065370,1695794,1632292
27000,1014784,1698892,2206680
28000,968191,1808843,1772163
29000,1006412,1735263,1740827
30000,1046085,1792675,1634376
31000,1012906,1922707,1733694
32000,2154163,1983717,2904833
33000,1628089,2200522,2678289
34000,1021587,1791839,3659801
35000,1215262,1882785,3970658
36000,1072792,1787171,3620712
37000,980393,1717396,1791640
38000,1118538,1717995,2048975
39000,1803076,1738858,3092169
40000,1970423,1745455,1872638
41000,990874,1756478,1734655
42000,970425,1709315,1718767
43000,1046238,1720632,1667085
44000,964052,1738653,3179158
45000,964329,1649132,1790584
46000,1317691,1647547,1799108
47000,1278819,1730495,2453150
48000,1545603,1651240,3602266
49000,1205341,1734821,2089021
50000,1056638,1910312,1847511
51000,1026779,2162205,1696864
52000,1002886,2014186,2761930
53000,965948,1757428,1737396
54000,968370,1688269,1707117
55000,1384822,1701344,1676643
56000,1565305,1730842,1630326
57000,1457379,1798060,2649174
58000,1047690,1738502,2932875
59000,1048837,1708524,1650482
60000,1677328,1766817,1652898
61000,1227440,1775196,2137423
62000,1002111,1741958,3138235
63000,1614413,1730076,2597961
64000,1079207,1766611,2176969
65000,1048467,1743254,4521037
66000,1011492,1756486,3263608
67000,949202,1890991,3295964
68000,975069,2125152,2937310
69000,1071831,2009843,3212216
70000,970458,2139241,2888796
71000,944956,1560329,3166949
72000,1621509,1915147,3012583
73000,1006781,1985369,3038507
74000,1004929,1619622,3098675
75000,984193,1665094,3283690
76000,1207652,1519890,3236671
77000,1108291,1034936,3453278
78000,1451535,1977204,2850410
79000,965562,1641246,2759237
80000,1335308,1017360,2825289
81000,1096551,949031,2917075
82000,1003733,1024662,2878909
83000,1022998,1031577,2886849
84000,949407,1346248,3332609
85000,1000243,1171615,3061676
86000,945859,1431680,3153533
87000,1008394,1020978,3284335
88000,1021426,1701600,3296437
89000,1316293,992595,2962535
90000,1872196,1316781,3154120
91000,1063945,1219906,2837946
92000,1018061,1133068,2735203
93000,1157936,1929515,2779516
94000,1278538,1619668,3096309
95000,1003948,1013036,3055497
96000,1001253,977603,3112845
97000,1484331,954404,3272908
98000,1032905,995908,3245802
99000,1056510,1013863,1801375
100000,1004974,1059327,1779808
101000,1430634,1162785,2203488
102000,1032646,1046107,1860988
103000,955405,939635,1715660
104000,1058479,969971,1663946
105000,1340054,937850,1778349
106000,1864917,996517,2592177
107000,2154867,931517,1957387
108000,999619,948589,2674711
109000,948764,948675,2958908
110000,955805,1033090,3083917
111000,941129,1137019,3096648
112000,977700,1358455,2824668
113000,1158765,1066993,3801518
114000,2106593,978920,3578496
115000,1531231,935355,3287083
116000,1080809,958037,3425451
117000,1055342,1003073,2890225
118000,963852,1591100,3046619
119000,957318,1209261,3294687
120000,982359,2258876,3042296
121000,1182337,2085489,3140591
122000,1079989,1557302,3102965
123000,1021795,1045654,3577096
124000,962754,953799,2937317
125000,1011075,955750,3052757
126000,993862,976732,2735621
127000,990640,1194533,2947703
128000,949707,1127354,2881488
129000,941914,942356,2987575
130000,941551,939676,2946725
131000,1553648,968185,3023039
132000,2145247,948428,3463052
133000,1431295,956002,3240488
134000,1112349,939524,3694018
135000,1100605,944982,2941130
136000,1289877,1163922,2956059
137000,1120528,2084366,2943004
138000,1051107,1582571,2950108
139000,2006837,949791,2774841
140000,1703006,942536,2956858
141000,957381,933515,2954274
142000,945278,957146,2909399
143000,1429381,932517,2987337
144000,1529875,939481,3145236
145000,1672602,1525347,3923132
146000,2106135,1411929,2931737
147000,1020294,1054696,2909912
148000,979877,1660305,2909654
149000,1033789,1650962,2920712
150000,1054708,1548323,2913566
151000,1016745,1316618,3120914
152000,948442,1574352,2710082
153000,1611923,1000634,2820644
154000,2042893,1009538,2496281
155000,1235328,995581,2270503
156000,959390,989728,2203969
157000,976931,962102,2385213
158000,978603,931889,2373669
159000,1038951,989810,3013354
160000,1018907,1017606,2315602
161000,1465584,1577665,1793243
162000,1872216,1095376,1635561
163000,1175891,1399458,1713471
164000,949367,1409517,2800696
165000,1182499,2095288,2960682
166000,1282353,2063857,1790600
167000,1125712,2192369,1716062
168000,1126341,2031485,2756682
169000,2002371,1526377,1856146
170000,2043393,2306160,1888394
171000,1922523,2690341,1875714
172000,2163083,2689486,2161784
173000,2179692,2227350,2181326
174000,2082441,2074465,1688626
175000,1249485,2034577,1661340
176000,951594,2647527,1753616
177000,941160,2112180,1654508
178000,1155555,2036633,2769239
179000,958491,2011083,1734530
180000,989480,2235853,1677738
181000,961515,2037331,2162302
182000,1916859,2039367,1750261
183000,1197378,2190427,2084497
184000,1029517,1958459,1762547
185000,1017468,1574373,2449899
186000,1094915,2431702,2014207
187000,1320060,1375426,2081275
188000,981010,1119522,2516099
189000,957990,1559780,1902095
190000,1530929,997454,1647560
191000,2085832,981011,1648623
192000,990008,1745923,1696962
193000,1046917,1148488,2041561
194000,1140174,1127838,1790174
195000,1026916,1015496,1701544
196000,995963,992749,1651367
197000,1010520,937921,1704000
198000,2074083,1012106,2570604
199000,1890310,1049213,2806574
200000,1022457,1016472,3708331
201000,1060668,1717612,3093939
202000,969467,955838,3289568
203000,1043275,1069458,1989736
204000,1101518,941696,1869825
205000,1621508,962480,2003989
206000,1962301,938438,2398510
207000,1034242,977093,1676890
208000,1478076,997336,1802260
209000,1101150,1032082,1651523
210000,996089,1485061,1656567
211000,991389,1014001,2089285
212000,1007690,1553456,1742896
213000,2287970,1377913,2755649
214000,2102774,1272191,3738767
215000,966501,1112922,3439061
216000,1017501,1097519,2390137
217000,951704,1393455,1830921
218000,944001,2345350,1698401
219000,1244870,985684,2742403
220000,1947157,1449868,2630326
221000,1763774,1273896,1636710
222000,982051,1008111,1717633
223000,959353,976298,2015107
224000,954699,937412,3325613
225000,1076165,1579124,1699278
226000,980377,2167850,2331834
227000,959867,1063789,2830696
228000,1368692,1029124,3692026
229000,2114004,946214,2921931
230000,1480055,964524,1964016
231000,978623,992194,3163609
232000,961449,938416,3221939
233000,946357,2046173,3117808
234000,1031409,2034176,2918015
235000,1921954,970070,3104052
236000,2149577,1004396,3030654
237000,1241255,1009741,3248787
238000,987648,1739659,3518740
239000,1077539,1439547,3645467
240000,1240243,2052820,3476419
241000,1128191,1191661,1802433
242000,1005858,1286629,1951278
243000,1829783,1529374,2633323
244000,1834735,1111050,2675075
245000,1545875,1028236,2971556
246000,1514782,1028971,1746516
247000,1013984,1747083,1721824
248000,997274,1618364,1727809
249000,1004064,1083553,2392077
250000,1700494,1236768,2020345
251000,999941,1024819,2475333
252000,1016780,1067426,2014120
253000,1066851,1007148,2298459
254000,1049893,1018362,2389956
255000,948104,1623324,2687569
256000,991085,1018165,2061638
257000,978955,1077139,2757779
258000,1014184,1015740,3603934
259000,1520884,1200292,3389570
260000,988793,1108963,3786914
261000,1358291,1016426,2679429
262000,1452174,1077639,1866994
263000,1069701,997395,2938024
264000,1020042,1733144,1814533
265000,1009607,1950716,2161279
266000,1017004,1388906,2585835
267000,1420307,1975704,3361394
268000,1448730,1210580,3865589
269000,988613,1176137,3743921
270000,964283,1733838,1837241
271000,1026254,1021696,1687827
272000,1063841,1048440,2920630
273000,1300283,1738774,2205473
274000,1598085,1293048,1770879
275000,1294501,1281196,2648888
276000,1294901,1236500,3646140
277000,1002682,1879044,1818325
278000,1381592,1065066,1724651
279000,1260037,1112316,1775982
280000,1063632,996425,1917586
281000,1076736,991028,3633009
282000,955114,989781,1925167
283000,967841,971174,2053315
284000,1597566,943514,2315126
285000,1039387,1045898,2120964
286000,954408,1968917,1843805
287000,976956,1887250,1670884
288000,949055,1023299,1719022
289000,1055587,1503845,1747997
290000,1620656,2786317,2437605
291000,1035122,1915717,3547009
292000,1102486,2367578,1733933
293000,1495083,2762022,1703033
294000,1131163,1150872,2578977
295000,1699982,958479,2848129
296000,1281061,980983,2067052
297000,956630,1954868,1888706
298000,1030855,2039894,2413728
299000,976966,1025597,2223491
300000,1202416,970362,1694909
301000,2302976,934905,1749762
302000,1327810,959402,1675141
303000,958384,1044996,2551377
304000,954938,2141436,2198684
305000,972147,2166217,2016107
306000,1056207,1527864,2687999
307000,1060391,989674,1844269
308000,1373479,1029745,2854885
309000,2064595,1100679,2967502
310000,1629691,1048668,2453369
311000,1083692,1538647,2560875
312000,971986,2876499,3910655
313000,998789,2424325,2156338
314000,972760,1704648,1689880
315000,1017903,2249932,2374513
316000,1696334,1420300,2800491
317000,1986999,2212084,1716429
318000,1176810,1653504,1834674
319000,996997,956848,3279560
320000,1129554,961399,3653628
321000,991558,984671,1738265
322000,1210614,977694,1740524
323000,1268587,1018428,2095154
324000,2099397,1832109,3292248
325000,1463725,1581773,2378301
326000,1616861,1704910,1734282
327000,1568284,1648895,1638434
328000,2189929,1725736,2297934
329000,2243378,1070411,1679276
330000,1965819,2070272,1739077
331000,981983,1463689,1656135
332000,1014449,2118206,1709990
333000,951307,1556013,2026248
334000,954437,2747238,1798296
335000,975522,2374097,2304180
336000,996755,2320958,1876291
337000,1474147,2329877,1737783
338000,2054431,1478929,3353962
339000,1177745,1030510,1778997
340000,1384015,1298028,2353195
341000,1267163,993317,2506000
342000,1023975,979194,1774035
343000,1098725,1173495,1730815
344000,1390756,1171479,1694728
345000,2365748,1398058,1624768
346000,1298868,1555631,1763315
347000,956056,960500,1634037
348000,996500,1664527,3346790
349000,1041156,1121817,1908974
350000,1118913,953883,1708686
351000,1785877,970955,2438044
352000,2155013,936115,2804901
353000,2095638,1093463,2324964
354000,1815959,1583457,1688371
355000,1068635,1874572,1655867
356000,949256,2098068,2901615
357000,954808,1077846,3000699
358000,1852971,2193224,1650354
359000,1759432,2178180,1639166
360000,967180,2756464,1682816
361000,946511,2685987,1784411
362000,946649,959861,1726527
363000,943866,936235,1683395
364000,1063038,987473,1652769
365000,1522059,983726,1701473
366000,1535817,971063,1686415
367000,1380678,1039961,2432150
368000,1077289,1168174,2767034
369000,1067180,1585041,1815860
370000,1221612,1059913,1683643
371000,1392682,946472,1812483
372000,1039248,1302904,3428168
373000,950011,972439,2475155
374000,2008376,1047785,1664947
375000,1785996,1039666,1703578
376000,1070057,954099,2837228
377000,964864,1945940,2387454
378000,956954,2032949,1742541
379000,1026897,1647575,1666855
380000,1084184,2358108,1765749
381000,1027830,3088094,2182251
382000,2119172,2203395,1637318
383000,1492510,1190129,2495057
384000,1025579,1184581,2851642
385000,1239048,948131,3626179
386000,965828,935489,2667039
387000,946315,970274,2587230
388000,1032755,971440,2794423
389000,1023351,2005714,1681490
390000,1352420,1721022,1635570
391000,1057802,985821,1659700
392000,1601990,967802,1730717
393000,1145842,977485,2889202
394000,985857,1012957,4232496
395000,1032565,974288,1886735
396000,984476,983216,2279618
397000,990120,2008261,3662003
398000,1988438,1791391,2451345
399000,1111686,938186,1732667
400000,997626,1462609,1997178
401000,1037714,1194167,4176260
402000,1900825,1683887,4319284
403000,1075899,2480331,2051837
404000,982344,2836311,3114335
405000,1463779,2282820,1809878
406000,2174306,1520194,1699659
407000,1179558,978769,1720988
408000,1024347,1073368,3106680
409000,985210,1091099,3922412
410000,1033537,1076948,3655368
411000,949060,945943,3332010
412000,967317,944145,2346437
413000,1612492,1374897,1966513
414000,2006194,1017775,2078422
415000,1082793,1091569,2460922
416000,988685,984309,2467482
417000,1272228,1050051,1702592
418000,1075839,2057494,1973291
419000,1729603,1430983,2188088
420000,1459982,979161,1780603
421000,2151991,1004220,1768153
422000,1165256,934500,2273630
423000,1219196,998970,2611474
424000,1152140,1028847,4109074
425000,954861,2060418,3592917
426000,1052528,2409000,3440357
427000,1178579,1492027,3529860
428000,2123363,2854878,3568783
429000,1084066,1190674,1998709
430000,1251725,1124364,3583423
431000,1148866,2200707,2702641
432000,1350418,1507025,2717906
433000,991194,953935,3132070
434000,1049497,951072,3006830
435000,1131375,927206,2059508
436000,956579,960450,2249494
437000,1020536,994565,4407806
438000,961371,1129852,4462530
439000,972644,1457696,3722518
440000,948519,1062492,1910802
441000,968011,957426,1805423
442000,1015971,993790,1753102
443000,949390,978183,2083729
444000,1069680,1358173,2302171
445000,1612965,1033125,2167348
446000,1780894,944753,2553386
447000,1151473,1290268,2161301
448000,1314991,1218417,2589538
449000,1966302,1126397,1884076
450000,1036252,1835172,2133546
451000,1122434,1888025,2746705
452000,1392541,1094208,2812687
453000,980732,1092610,2406521
454000,1012784,1583466,1807149
455000,1090054,1597395,1629857
456000,1700983,1060423,2830580
457000,1146111,1739746,1682871
458000,973466,1404365,1821374
459000,989651,1081155,1789432
460000,1447228,1001962,2213540
461000,1070130,1051106,3457015
462000,1029033,1066925,2373786
463000,1121018,1098295,2050610
464000,967588,955847,3273330
465000,1292697,936047,4347143
466000,1160743,931809,2826639
467000,988388,1111827,2123932
468000,1211883,1032911,2882050
469000,2088751,3650404,1894738
470000,1399211,1134186,1642441
471000,1041727,1825057,1811637
472000,1094427,1455246,2575836
473000,1163562,1998435,3601112
474000,1287683,2245689,2157095
475000,1473095,2264743,1689725
476000,2100703,1976052,2178044
477000,1485013,1885586,2022543
478000,955770,2141073,2099631
479000,995249,1567485,2194889
480000,1092060,1912495,1802101
481000,1731083,2311732,2323307
482000,1178702,1738743,2311902
483000,1948699,2185370,1744211
484000,1877486,1892391,1732834
485000,1589868,2147063,1641221
486000,1048284,1626240,2046358
487000,1058553,1645291,1850886
488000,980773,1628369,1660524
489000,1020251,1552757,2630879
490000,1811978,2161796,1763176
491000,1789117,1825455,3235940
492000,999044,1752273,2011926
493000,951537,1638849,1740012
494000,1081003,1996738,1761756
495000,1530279,2120703,3092168
496000,1177936,2347191,2947675
497000,1328025,2140472,1931594
498000,1715403,1965077,1979154
499000,1249672,2180042,1912278
500000,1513170,1587584,1893151
501000,961424,1674446,1726978
502000,983846,1617020,1699871
503000,995690,1894276,1675842
504000,957423,2175115,1719590
505000,1275242,1723343,3115591
506000,1427726,1779616,2077281
507000,1602932,1929838,1770559
508000,1244576,2770048,1818632
509000,1100015,2160104,1871717
510000,990409,1741451,1972710
511000,1522005,1828639,2180558
512000,1062753,1779764,1780598
513000,2166670,2162625,1916941
514000,1536605,2090764,2139388
515000,1057847,1868496,2161589
516000,1005649,1748648,2017602
517000,985579,1767543,1669925
518000,946864,2360542,1631109
519000,969320,1873456,1730227
520000,1281343,1450486,2232915
521000,2086699,1051686,2646727
522000,1227300,1085219,3354499
523000,975862,1075179,3720640
524000,974124,1593330,2161430
525000,1074673,2438644,1739798
526000,1776825,2355896,1685971
527000,1209977,2563225,1824554
528000,1749519,1573275,3480437
529000,1948060,4303353,2140059
530000,1035800,1825314,1797736
531000,1116533,1110364,1636144
532000,1204285,1024024,2504107
533000,1668748,1103994,3061145
534000,2175714,4520401,1819000
535000,2256428,2750647,3144478
536000,1822704,1798255,3702853
537000,976714,4822504,2865187
538000,967812,1116285,1706368
539000,1157184,1044075,1937193
540000,1458152,1398531,3405773
541000,1554783,1720965,1731694
542000,2067676,2519478,1717456
543000,1034987,2172810,1947187
544000,1019912,2662405,3242069
545000,951423,2716126,1907540
546000,953164,5682049,1744922
547000,1020852,1171209,1645446
548000,1092965,989635,1841451
549000,1465846,1345236,2878678
550000,2278368,4049365,2012213
551000,1532796,979275,1655228
552000,977695,1097407,1736226
553000,949051,1415679,1805549
554000,997702,960459,2152720
555000,1539488,1012816,2244622
556000,1251801,1120108,2157485
557000,2127285,1423557,1868392
558000,2134668,1403157,1999726
559000,2280452,1695835,3938983
560000,1970216,2007619,1772166
561000,1647236,1718201,1661432
562000,1949549,1486743,1630928
563000,953448,1729312,2624385
564000,1012223,2144869,2689631
565000,1024522,2284463,1873885
566000,956138,1859064,1807766
567000,997609,1732255,2235358
568000,1255766,1878646,3179417
569000,1008320,1926072,1740051
570000,1078909,2188036,1670162
571000,1160109,1158992,3156251
572000,1703189,1020522,3803051
573000,1052501,953829,4262889
574000,1125296,1872898,3903429
575000,1116408,1509850,3504540
576000,1364869,1296537,3720717
577000,1130224,1013672,2849598
578000,2165347,1602103,3786948
579000,1464255,1674788,2771706
580000,1006273,1683989,2893646
581000,1065123,2026873,2133912
582000,1055476,1777134,1788064
583000,983513,1789148,2410899
584000,1357509,1817491,2963657
585000,1876110,1881723,2722813
586000,1846915,1953315,1867717
587000,965182,2061217,1643225
588000,947028,2288520,2321568
589000,963304,2266871,3522871
590000,989031,2005617,3681423
591000,1036567,1140786,3656438
592000,970867,1011272,2317839
593000,1788537,1002330,2088701
594000,1876132,942839,1929093
595000,960995,964186,2731180
596000,993805,1082007,3438812
597000,986517,1029292,1832513
598000,1313107,943494,1788300
599000,1575691,1403877,1936946
600000,1501878,1635650,2206201
601000,2424696,2255497,2061778
602000,1217033,1211540,2387535
603000,957692,2152376,2926301
604000,1252510,2185118,2750264
605000,1058703,2640077,1931385
606000,1152948,2243232,1746346
607000,1370626,1240949,2820454
608000,2120766,989553,3092209
609000,1363324,1025873,1959313
610000,1053885,1114729,1831394
611000,954172,1453300,2857730
612000,957809,1228803,2331578
613000,942826,1146724,3527907
614000,1371461,1117223,3227171
615000,1121764,1065198,4367802
616000,1519743,1373656,3719238
617000,1050861,1153922,3651200
618000,954048,1267441,2524571
619000,1064753,1373181,2249337
620000,968873,940646,2287926
621000,948440,1024389,1786314
622000,946801,1060788,2064549
623000,950357,2109945,2546874
624000,1094241,1382561,2454574
625000,1345697,1175184,3337289
626000,1368773,2123066,2638256
627000,1020973,2041907,2900758
628000,1113016,1273105,3711264
629000,1124527,1201029,3637718
630000,1214727,1742448,2966711
631000,1279816,1019660,3419255
632000,1296167,1293492,1957806
633000,2326605,1232531,1783407
634000,1832395,962418,1976147
635000,1010088,937332,3694615
636000,1062662,967016,2033458
637000,987612,1100064,1759517
638000,988426,945717,1723074
639000,962414,993458,3659633
640000,1946262,1136230,3202925
641000,1665654,1078014,1925136
642000,965936,984404,2108257
643000,944972,1030989,2020567
644000,983512,1124893,1678743
645000,1326854,952977,2051051
646000,967924,959377,1843451
647000,951157,937972,2296834
648000,1577051,960601,2011984
649000,2040293,1195160,2767858
650000,1115580,1197290,1962020
651000,1462845,2019584,1889848
652000,1302213,2257953,2282467
653000,1023610,1060464,2105741
654000,1048781,1119993,2445146
655000,1394093,1018131,1775060
656000,2485767,1045092,2327447
657000,1235530,1505595,1818495
658000,1670599,1241890,1945159
659000,2037855,953329,1749809
660000,1730784,1438739,1711310
661000,1700468,1046248,1730024
662000,1738365,959534,2634627
663000,1618544,951035,1784298
664000,987609,945242,1830973
665000,953537,931625,2022167
666000,1024396,940676,2376286
667000,990388,1054595,1748497
668000,1094811,1356691,1970079
669000,2053649,960891,1664655
670000,1478838,1005758,2069821
671000,1081938,1048378,2415441
672000,954639,976706,1850177
673000,945661,969051,1886336
674000,1103908,952839,1721380
675000,1546103,934831,1718966
676000,1826406,1102868,2138736
677000,1067482,989364,1678152
678000,1024367,1204170,2013707
679000,1131996,1341204,2389733
680000,1020972,1944123,1921796
681000,1494256,1977833,2257603
682000,1295814,1849255,2185562
683000,1306000,2142082,1683722
684000,1246557,1584937,1680825
685000,967853,1169758,1731381
686000,990544,1317891,1981784
687000,1109603,1503771,2205718
688000,1014038,1022809,2665166
689000,1028002,1030541,1820176
690000,1087301,1092534,1691859
691000,1118534,980322,2970745
692000,1034623,937184,2011688
693000,2070765,1377790,1645082
694000,1491640,968423,1675624
695000,989210,951459,2998165
696000,1044077,993555,3008322
697000,999193,937934,1910694
698000,947234,1029463,2036093
699000,983788,970899,1644892
700000,969448,2006041,2069683
701000,1795729,1542813,1681460
702000,1843885,953459,2493089
703000,1030472,1102423,1926018
704000,1136482,1030577,1921249
705000,1053330,983464,2116398
706000,1331596,1112942,2107173
707000,1007409,1931007,1763108
708000,1290469,2265963,1634510
709000,2783708,1689518,1704829
710000,1237815,1088993,3197516
711000,1029509,1349347,2175986
712000,1100055,1030917,1725722
713000,1045855,965879,1734558
714000,984364,1676860,2552281
715000,990468,1950300,1692424
716000,1178286,940720,1975535
717000,1016430,981023,1733885
718000,951033,934851,1689641
719000,968364,942265,2668114
720000,945139,944418,3409352
721000,949356,963656,3696921
722000,960437,1638780,2024664
723000,1268206,2004302,1720867
724000,966588,1225794,1644250
725000,1306709,946421,1939543
726000,2092023,1009672,1823502
727000,1177915,968326,2131233
728000,947794,941931,1937620
729000,947025,958028,1837366
730000,1062620,1879819,2065719
731000,1269455,2059456,1682705
732000,1024357,1863141,1647648
733000,1679098,1052271,2361180
734000,2055276,1073119,2683623
735000,1066999,1168374,2166948
736000,1637864,1234065,1691872
737000,2188503,2545817,2837301
738000,1273465,1453263,2305915
739000,1718396,1032258,1702779
740000,1994621,966710,1712306
741000,1139519,940559,1685444
742000,1076333,931599,3198881
743000,977066,930492,2023015
744000,965243,1015557,1981483
745000,968914,2038423,1801671
746000,991801,1612733,2366392
747000,1801207,1006362,1692671
748000,1785752,973418,1676984
749000,985600,938954,1867503
750000,1025901,1001536,2476306
751000,965106,943476,2617861
752000,1124125,943391,3135739
753000,1048539,1902603,2042174
754000,985818,1742109,1753708
755000,1878234,1839650,2226964
756000,1947458,1068899,2859564
757000,1085677,1049575,2040611
758000,1142418,1755766,1887095
759000,1005939,1636327,1737281
760000,975565,2274292,3178539
761000,1359674,1212711,2278419
762000,2364720,1434960,1988293
763000,1089893,997484,1728566
764000,2022130,977685,2374669
765000,2249043,940984,2569134
766000,2337924,1526204,1749197
767000,2057694,2049945,1794637
768000,1193479,1057719,1779996
769000,1803812,1295581,2542373
770000,1897500,966093,2486028
771000,1979084,1057357,2087855
772000,2051798,994094,2585857
773000,1871035,940731,2323203
774000,1689711,1035618,2535692
775000,1688467,1447008,1735957
776000,1774488,943873,1668977
777000,1793871,932368,1633413
778000,1770103,931042,1914824
779000,2469938,935259,2166826
780000,2525115,989792,2434197
781000,1862415,1823027,2113864
782000,1796556,1374193,1782090
783000,1792803,2086451,2942921
784000,1908705,1901282,2624765
785000,1734482,1835135,1731052
786000,1694223,1210565,1704752
787000,1786354,1005042,2494023
788000,1774650,1113894,2729071
789000,1742734,1907482,2289093
790000,1777667,2176400,2016471
791000,1714497,1033512,2710468
792000,1581110,947080,2401621
793000,1653039,942818,1734038
794000,1901098,933295,2009302
795000,1800947,952378,1798959
796000,1928809,1028707,3343503
797000,2727303,1132399,1698887
798000,1853462,944708,1845171
799000,1780469,932587,1944528
800000,1685850,951122,1857678
801000,1771115,943185,2203459
802000,1827586,1159991,1712609
803000,1731737,947524,1852745
804000,1788018,929707,2090326
805000,1729848,937554,2875681
806000,1729783,932592,1957048
807000,1787978,2034443,1671494
808000,1727435,1657043,1874076
809000,1757495,1046930,1814118
810000,1745325,1273674,2219564
811000,1820501,1214189,2644105
812000,1813510,1221537,1759256
813000,1832646,1097601,1753512
814000,1813843,1188597,1758948
815000,2598052,1846193,2071839
816000,1753626,2611623,1865681
817000,1721844,1784177,1671752
818000,1731197,1844840,1636829
819000,1620686,1900416,1940521
820000,1675557,1652056,2005039
821000,1773141,1061112,2708440
822000,1750432,1083347,2432555
823000,1681636,1463538,1643233
824000,1767389,1023095,1861471
825000,1701415,970148,2130116
826000,1675683,953867,1740033
827000,1832243,1723769,2492655
828000,1756466,2030751,3232438
829000,1736050,2048709,3845376
830000,1753554,1570312,2120710
831000,1876912,1776025,1700943
832000,1815516,1309320,1648454
833000,1851740,2051014,2827200
834000,2585959,2142487,2157758
835000,1916343,2233700,2512208
836000,1803284,2371161,2544648
837000,1782044,2631350,2381092
838000,1881331,1018896,2188170
839000,1745283,1021786,1685390
840000,1589929,994203,1678733
841000,1597401,1076562,2036255
842000,1634501,1468516,2727645
843000,1601549,1010173,1747579
844000,1705380,982498,1742508
845000,1549096,1157563,2233527
846000,1199830,1724535,2402144
847000,1759776,974642,2281868
848000,1121167,1112338,1689625
849000,1377586,983031,1635639
850000,1048757,974819,1696469
851000,1785013,994876,2503297
852000,1067751,959927,2324779
853000,1076789,1094987,2385953
854000,1604530,1784243,1654943
855000,2838381,1488809,1796853
856000,1944149,2120359,2160727
857000,2225903,2234497,2519028
858000,2269612,2311117,1826250
859000,1578325,2302833,1757109
860000,1033525,2309473,1751129
861000,951224,1092119,3379775
862000,1009771,1028229,1732969
863000,948395,1038249,1664790
864000,946867,1066190,1638288
865000,1001662,944699,2422771
866000,1417424,1953391,2310608
867000,2078774,1767294,2476374
868000,1384234,953728,1773871
869000,1244112,1000544,2219402
870000,1012059,954912,2102334
871000,1003869,1206717,1746212
872000,970970,955962,1805705
873000,1105134,943569,2569150
874000,1718551,1553976,3718490
875000,1380087,2065172,3685944
876000,1279583,1633268,1779500
877000,1514095,2368637,1702932
878000,1974192,1909643,2121737
879000,2055828,1966556,1707512
880000,2168347,2307425,1631709
881000,2234838,2180010,1656813
882000,2100177,2575272,2385816
883000,957794,1303707,2378526
884000,1074660,1670042,2091865
885000,973559,1055531,2009647
886000,1508163,1019253,1690800
887000,2083915,1020657,1865193
888000,1010920,951642,2525369
889000,971007,967118,2973380
890000,947394,963558,3786167
891000,956459,1118403,2444858
892000,944589,1056459,1638564
893000,1027884,1101263,1682793
894000,969735,944474,1669364
895000,1956139,964001,1692349
896000,1991161,1003706,2191037
897000,1090147,1085014,2148487
898000,981000,1140367,1955291
899000,1017292,1841510,1714652
900000,1240856,1776461,1892250
901000,1828842,2013433,2457399
902000,2363078,2267128,1813058
903000,1965686,2172227,2435050
904000,2193685,2299493,2836734
905000,2175496,2799293,3700198
906000,1783661,1728709,2694899
907000,1124909,982336,1712109
908000,996845,936093,1637329
909000,947930,932629,3141690
910000,1001850,1310442,2277804
911000,1006734,948959,1741604
912000,984274,977472,2579590
913000,947250,1807083,3441616
914000,1009474,1801669,1858544
915000,2059378,942079,2095814
916000,1535521,983384,1789061
917000,976975,949406,3459188
918000,949984,991469,3598615
919000,948346,954014,3873351
920000,1300053,978137,1721950
921000,1179984,943377,1662125
922000,1158439,2117664,1675719
923000,2151166,1701115,1656675
924000,1941804,1008634,1629605
925000,1682085,1651075,3038267
926000,1895046,1694057,2282491
927000,2232822,1048377,1810131
928000,2280305,1270779,1691524
929000,1566380,2211264,2521093
930000,954327,1656718,2129187
931000,982326,1040339,1964738
932000,947720,935216,1894423
933000,1223555,932922,1854360
934000,2069304,930662,2363364
935000,1288195,978443,1744892
936000,1081876,1043139,2015294
937000,1196389,1288567,1739778
938000,950764,957413,1703028
939000,945047,958027,2096683
940000,949839,933518,1770714
941000,942053,949361,1822353
942000,1897927,1316470,1689212
943000,1777991,1029407,1859751
944000,1009758,939179,2138074
945000,1058712,1044052,1858559
946000,1090344,947774,2423736
947000,1232293,1070499,1671889
948000,1309944,936185,1783084
949000,2371587,931365,2403672
950000,2193843,1248302,3482934
951000,2138480,1066514,1741169
952000,2267668,1569477,1701579
953000,1208056,1207330,1708137
954000,1834233,1892094,2800966
955000,1818045,2248831,2547888
956000,978779,2138552,1720464
957000,950563,1417833,1713844
958000,943032,1430220,1773967
959000,1023921,1393426,2495595
960000,967264,985646,1798907
961000,967223,987150,1802593
962000,1046074,997739,1954368
963000,1507600,947497,2121505
964000,974469,946596,2469044
965000,1020195,931582,2524786
966000,1081364,1033586,1721071
967000,1030438,974950,1730633
968000,1369166,1027471,2187544
969000,1234462,1496173,1752750
970000,1734208,1030953,1693730
971000,2117522,944138,1708134
972000,1201240,1022009,1649972
973000,2252121,983301,2066937
974000,2224554,955917,3047755
975000,2258639,1233245,2682049
976000,1724102,1092629,1733002
977000,1036289,1204648,2318354
978000,1027601,2187669,3481436
979000,1076606,1433243,2085869
980000,1024819,1548188,2747922
981000,949704,1286588,3476171
982000,1014476,1036467,2077521
983000,1860241,1076461,1683279
984000,1769623,1053729,1732340
985000,961249,2410233,2115232
986000,1015650,1712548,1764930
987000,967045,945327,1696181
988000,965818,946072,1760204
989000,978698,972088,1693437
990000,949256,1147559,2555739
991000,995337,941018,2038290
992000,2112759,1668641,1791367
993000,1538774,1944308,1870631
994000,1098706,950044,2103728
995000,1090786,930485,1961297
996000,2129752,929616,3423391
997000,2624799,932095,3717050
998000,2002686,1053817,3546620
999000,2080575,938480,2597917
